time,total,signal
1,999.0004997501248,
2,1005.8831108026063,
3,1004.3667567976527,
4,1006.5363075052335,
5,1013.1114880672797,
6,1008.5278560023878,
7,1007.6531523707052,
8,1009.9745467980192,
9,1001.2517057697125,
10,995.0253969050015,
11,999.6901310648042,
12,993.6958947779032,
13,987.5200773765602,
14,990.9094239726488,
15,993.0690383926367,
16,995.3497726173593,
17,994.8328022478356,
18,994.8328022478356,
19,994.8328022478356,
20,994.8328022478356,
21,994.8328022478356,
22,994.8328022478356,
23,993.8384666134051,
24,995.3836497370088,
25,999.393632500425,
26,996.8256025161168,
27,995.4385099519735,
28,994.7365177776549,
29,995.6338623643591,
30,997.8705783053049,
31,1004.590989994535,
32,1020.7825336460874,
33,1019.7622612486401,
34,1039.7614539155654,
35,1038.7222120825663,
36,1055.1937286928849,
37,1045.5202233258976,
38,1036.6459237575655,
39,1037.350153622604,
40,1050.509955384453,
41,1055.1109269877797,
42,1069.3944015619195,
43,1069.3944015619195,
44,1069.3944015619195,
45,1068.3255415903434,
46,1068.7607318681082,
47,1073.5392525163743,
48,1078.3278960655464,
49,1085.4536807593922,
50,1085.0109478911713,
51,1085.126866606671,
52,1084.4388472625196,
53,1079.0901786678298,
54,1080.4803841408639,
55,1086.1518112076826,
56,1096.6587348813785,
57,1115.2670181984308,
58,1113.381344014337,
59,1127.69344761003,
60,1138.1255270127585,
61,1144.4350962264048,
62,1159.8031466554696,
63,1159.8031466554696,
64,1159.8031466554696,
65,1158.6439231205818,
66,1162.6566802189143,
67,1164.6561398633091,
68,1151.0768401640287,
69,1154.1752307492627,
70,1148.2500605840003,
71,1154.574613355833,
72,1162.672067434352,
73,1185.107907168596,
74,1185.107907168596,
75,1185.107907168596,
76,1185.107907168596,
77,1185.107907168596,
78,1185.107907168596,
79,1185.107907168596,
80,1183.9233915192522,
81,1192.433325102992,
82,1190.6325539472377,
83,1181.3110469136261,
84,1191.4437008479472,
85,1193.5844546417632,
86,1187.7496100805195,
87,1190.0047339361,
88,1207.158137266421,
89,1206.252562511736,
90,1209.8238680338225,
91,1232.0855588332442,
92,1257.4894140817858,
93,1256.232553098196,
94,1253.814510895998,
95,1261.971773072007,
96,1280.1493976941783,
97,1273.9592979339109,
98,1256.997079391034,
99,1256.918133464418,
100,1262.3562950595838,
101,1261.9629758665253,
102,1259.358769203712,
103,1268.1485342809253,
104,1269.3844912912384,
105,1250.6470832146451,
106,1243.2200740473886,
107,1245.427831555673,
108,1255.492111921286,
109,1243.9786956541352,
110,1243.9786956541352,
111,1242.7353386369898,
112,1255.6880877320189,
113,1249.3933651236289,
114,1252.5919325173568,
115,1244.3864889721826,
116,1252.7272648956923,
117,1260.6013187694668,
118,1267.7561787064067,
119,1267.7561787064067,
120,1267.7561787064067,
121,1267.7561787064067,
122,1267.7561787064067,
123,1267.7561787064067,
124,1267.7561787064067,
125,1267.7561787064067,
126,1266.4890560890092,
127,1269.6232167056314,
128,1268.1574357735005,
129,1258.5569123067937,
130,1266.9326562576923,
131,1268.9332404209417,
132,1262.6856078936046,
133,1266.6037489733578,
134,1275.1039398647347,
135,1271.1231755332037,
136,1273.6514084306568,
137,1275.7662601219688,
138,1281.094286998387,
139,1280.4142997549197,
140,1285.3831681659394,
141,1289.3676373581175,
142,1302.7921130098925,
143,1302.7921130098925,
144,1301.489971967404,
145,1303.9131146251991,
146,1309.8284482460426,
147,1324.4999027304004,
148,1323.851550615617,
149,1320.2847748927825,
150,1339.3192595608555,
151,1337.9806096262619,
152,1338.9393461246652,
153,1344.7154020315363,
154,1351.8638355051423,
155,1359.5256261030265,
156,1334.536450008678,
157,1339.601897805949,
158,1339.0183279114005,
159,1335.569858753616,
160,1345.5711874180306,
161,1338.309188239763,
162,1342.027928656137,
163,1337.6168940867774,
164,1330.072231779125,
165,1336.3924195894665,
166,1341.1565814254093,
167,1343.5901000753363,
168,1349.9685185991882,
169,1352.0914228877418,
170,1352.4539934565773,
171,1348.350521830841,
172,1346.3922575229726,
173,1360.9626442088318,
174,1359.8749022192244,
175,1360.623763259664,
176,1363.411995660901,
177,1370.178249274425,
178,1370.178249274425,
179,1370.178249274425,
180,1370.178249274425,
181,1368.8087557719018,
182,1368.3734109604595,
183,1376.1425335536203,
184,1374.0339715093262,
185,1378.175932751164,
186,1377.6901069677574,
187,1371.4072696397775,
188,1389.1822750793283,
189,1369.2085127788487,
190,1366.1046761222544,
191,1338.6500184337633,
192,1350.701627741422,
193,1349.9114677708117,
194,1349.9114677708117,
195,1348.5622309214657,
196,1353.285250543929,
197,1366.4510503120975,
198,1369.9910975686803,
199,1368.2648397689547,
200,1348.111616866588,
201,1369.6817666468153,
202,1374.2503890301664,
203,1374.3148634877716,
204,1368.1703865284196,
205,1371.8199722474267,
206,1357.140553410547,
207,1369.7134417308969,
208,1369.8784062744348,
209,1374.989490215399,
210,1384.0013101042825,
211,1382.618000449006,
212,1386.5282299267126,
213,1389.2750108020712,
214,1383.1746205861068,
215,1385.1691149988944,
216,1378.2444491426809,
217,1370.8298472573047,
218,1363.17882134971,
219,1367.857144153883,
220,1367.857144153883,
221,1367.857144153883,
222,1367.857144153883,
223,1367.857144153883,
224,1366.489970596508,
225,1376.9498446378911,
226,1387.2221235420225,
227,1359.8768107262892,
228,1364.024752991285,
229,1364.024752991285,
230,1364.024752991285,
231,1362.6614099098344,
232,1370.6237599844724,
233,1378.0233009300864,
234,1385.3296298028972,
235,1390.3719776480425,
236,1390.3719776480425,
237,1390.3719776480425,
238,1390.3719776480425,
239,1390.3719776480425,
240,1388.982300508964,
241,1384.0479602175565,
242,1402.5041576069482,
243,1416.6254106140066,
244,1415.2094931621186,
245,1409.822629019724,
246,1423.5482112379518,
247,1418.2795999787118,
248,1412.9307103703622,
249,1452.3519002171688,
250,1452.3519002171688,
251,1450.9002741299955,
252,1465.272980837267,
253,1471.999261664169,
254,1469.2349219127736,
255,1470.5851331007539,
256,1465.6971894204225,
257,1466.2036384786516,
258,1458.0501270955774,
259,1438.140793922166,
260,1438.140793922166,
261,1436.7033718392854,
262,1428.322233765923,
263,1448.8353648083103,
264,1443.152151793003,
265,1441.6648207303572,
266,1442.207685491749,
267,1454.7175494679702,
268,1478.1188074801958,
269,1478.1188074801958,
270,1478.1188074801958,
271,1478.1188074801958,
272,1478.1188074801958,
273,1476.6414273627745,
274,1478.4531391483122,
275,1481.4714019828275,
276,1480.3824507119316,
277,1485.8641207835037,
278,1482.3802438381808,
279,1499.8967590760356,
280,1512.8229777834101,
281,1513.971978651304,
282,1516.3390832178868,
283,1515.427187054459,
284,1506.6305335966156,
285,1523.0457243817582,
286,1522.3146561862272,
287,1524.0282424858835,
288,1524.0282424858835,
289,1522.5049758767025,
290,1524.3408978471691,
291,1531.6743980591755,
292,1530.4312800681055,
293,1531.2836694322216,
294,1522.6507933567027,
295,1523.887246763028,
296,1524.613980597818,
297,1519.0529112736244,
298,1520.7122678700923,
299,1517.7468720460931,
300,1517.1676004898445,
301,1523.606069788306,
302,1528.1368368580167,
303,1525.4740420515748,
304,1531.095033595942,
305,1527.2911610492358,
306,1523.0522881280474,
307,1529.1845322409968,
308,1530.265503097489,
309,1541.139119861016,
310,1536.8072535198276,
311,1543.4855673468724,
312,1543.8369044495269,
313,1536.1661719087595,
314,1534.3496231117051,
315,1536.071956527678,
316,1532.2370963444237,
317,1554.7198454502725,
318,1553.6587676597965,
319,1558.950596720321,
320,1551.850953664155,
321,1551.7282773621844,
322,1555.2996675103225,
323,1553.7915309539783,
324,1561.5381436342425,
325,1559.9773858694907,
326,1552.1874799389589,
327,1549.7089317651723,
328,1555.5805546185416,
329,1566.5683034545834,
330,1570.080770684606,
331,1566.2537885120657,
332,1560.454832706605,
333,1574.6129446912773,
334,1571.9395604619365,
335,1581.5494777443546,
336,1591.355285867468,
337,1591.355285867468,
338,1591.355285867468,
339,1591.355285867468,
340,1591.355285867468,
341,1591.355285867468,
342,1591.355285867468,
343,1591.355285867468,
344,1591.355285867468,
345,1589.7647258616037,
346,1600.7851583949528,
347,1600.1753159952261,
348,1590.1255347533033,
349,1588.8649116002105,
350,1595.143688016789,
351,1592.2258199822925,
352,1591.601752357077,
353,1590.7452964957706,
354,1595.4885386223723,
355,1587.9626123748371,
356,1580.0802965263924,
357,1579.8525304141288,
358,1593.888385787785,
359,1588.0162277191916,
360,1599.113880712167,
361,1609.0784856983348,
362,1627.7848993738173,
363,1627.7848993738173,
364,1627.7848993738173,
365,1627.7848993738173,
366,1627.7848993738173,
367,1627.7848993738173,
368,1627.7848993738173,
369,1627.7848993738173,
370,1626.1579279601506,
371,1621.2982666918813,
372,1628.6360919568663,
373,1628.8990143648155,
374,1626.4705317616213,
375,1626.07677231121,
376,1634.2785111128874,
377,1638.8381407742993,
378,1639.0731834021165,
379,1630.9479840697427,
380,1638.0015737455124,
381,1647.51251267749,
382,1649.522959522829,
383,1645.3204980867458,
384,1645.7151572505065,
385,1653.2501417905823,
386,1646.6488347688687,
387,1649.5022120557323,
388,1636.925363245194,
389,1630.187873798523,
390,1623.7050252314061,
391,1631.8779931112847,
392,1628.3386111796826,
393,1650.4450921232408,
394,1640.7798110126757,
395,1639.8036241221334,
396,1645.1850753305716,
397,1616.2204873082414,
398,1625.0003088549317,
399,1629.0718470641502,
400,1626.4432794435606,
401,1626.9050375764652,
402,1645.6950746469156,
403,1659.9632759115075,
404,1659.9632759115075,
405,1659.9632759115075,
406,1659.9632759115075,
407,1659.9632759115075,
408,1659.9632759115075,
409,1659.9632759115075,
410,1659.9632759115075,
411,1659.9632759115075,
412,1659.9632759115075,
413,1659.9632759115075,
414,1659.9632759115075,
415,1659.9632759115075,
416,1659.9632759115075,
417,1659.9632759115075,
418,1659.9632759115075,
419,1659.9632759115075,
420,1659.9632759115075,
421,1659.9632759115075,
422,1659.9632759115075,
423,1659.9632759115075,
424,1659.9632759115075,
425,1659.9632759115075,
426,1659.9632759115075,
427,1658.304142202451,
428,1660.7817803533906,
429,1673.0932134710772,
430,1667.9488442379422,
431,1658.3487041262385,
432,1654.3690064819214,
433,1648.544026551712,
434,1643.0677483904708,
435,1625.3298271014514,
436,1628.9668470196295,
437,1627.6816785086507,
438,1639.2540749326322,
439,1647.6921277249185,
440,1647.6921277249185,
441,1647.6921277249185,
442,1647.6921277249185,
443,1647.6921277249185,
444,1647.6921277249185,
445,1647.6921277249185,
446,1647.6921277249185,
447,1647.6921277249185,
448,1647.6921277249185,
449,1646.0452590315401,
450,1657.4554286898638,
451,1669.203529060454,
452,1671.1889922434843,
453,1673.1432106915925,
454,1675.3123413617227,
455,1678.328568801952,
456,1671.8287404012303,
457,1653.535467831883,
458,1672.0557406388352,
459,1658.8856839987914,
460,1659.3766443023987,
461,1658.924753405531,
462,1667.468147342276,
463,1667.7056293656349,
464,1667.4567241317172,
465,1653.589510141702,
466,1643.4781961541232,
467,1648.528334738857,
468,1625.9476559422214,
469,1607.0897581826641,
470,1607.7826670479851,
471,1625.9084618650697,
472,1621.7229252414409,
473,1619.406169514984,
474,1617.787572643905,
475,1625.2393093191206,
476,1628.1121900821793,
477,1642.2196946016359,
478,1642.7611231438655,
479,1641.459784976321,
480,1642.3932334994495,
481,1639.8721611970923,
482,1647.2977725370192,
483,1649.5904088158777,
484,1647.9416427900749,
485,1657.7711033495166,
486,1658.1349188318131,
487,1660.409130865455,
488,1660.7011807388087,
489,1652.1392992217266,
490,1653.7973647560411,
491,1662.3500007879222,
492,1659.213002239903,
493,1663.2247637651997,
494,1662.6670435223623,
495,1662.0354419808095,
496,1666.5580413290782,
497,1666.53134400657,
498,1663.7485915454997,
499,1687.1473520601594,
500,1682.1127113874202,
501,1696.5185953782886,
502,1696.5185953782886,
503,1696.5185953782886,
504,1694.8229246182907,
505,1696.710506073699,
506,1703.0930491859565,
507,1702.1868713764982,
508,1700.3646266219557,
509,1704.5737585743927,
510,1705.3519809858656,
511,1712.2434495170874,
512,1735.5471220906688,
513,1744.2385384930005,
514,1748.9914752366444,
515,1766.291267715832,
516,1766.291267715832,
517,1764.525859152398,
518,1762.2128261235148,
519,1777.2719700597343,
520,1780.6219097989488,
521,1791.6407154694564,
522,1785.688350369494,
523,1774.9939986436473,
524,1766.930313193438,
525,1766.446377640149,
526,1753.8214945529164,
527,1752.0899858980551,
528,1759.9052788444028,
529,1750.1504841458707,
530,1748.401208299648,
531,1758.4730913541532,
532,1772.0697122289928,
533,1782.5985759261084,
534,1777.5473296539858,
535,1755.6466158196095,
536,1764.9831003761647,
537,1731.954400968408,
538,1727.8241785989874,
539,1732.3003958727525,
540,1745.326484784215,
541,1735.9515605695512,
542,1728.8224604490904,
543,1730.891261292729,
544,1730.9134663925054,
545,1740.918863294786,
546,1748.182844008277,
547,1730.6968692264807,
548,1738.738351937558,
549,1737.9534656023354,
550,1734.9502695791493,
551,1729.5667346986888,
552,1760.875102566731,
553,1757.3339209438036,
554,1762.1342441353383,
555,1752.688942257156,
556,1755.7869241010287,
557,1749.644511030658,
558,1751.2536206831796,
559,1733.9174159741901,
560,1743.9793367065672,
561,1759.732806159698,
562,1774.7318552545798,
563,1765.4330071771205,
564,1782.3435643919813,
565,1780.4724545407328,
566,1782.8553413464142,
567,1778.8546018100262,
568,1775.9017522852046,
569,1782.1370760621417,
570,1783.3579355447844,
571,1777.9939927201117,
572,1776.19056811597,
573,1771.1000367295344,
574,1770.934405387962,
575,1772.8068617903896,
576,1784.9616998216388,
577,1788.6048784892726,
578,1791.6112173844242,
579,1801.5255577115204,
580,1807.4504876123247,
581,1848.8285084611275,
582,1848.8285084611275,
583,1848.8285084611275,
584,1848.8285084611275,
585,1848.8285084611275,
586,1848.8285084611275,
587,1846.9806039049447,
588,1853.3226114475142,
589,1853.4108736519977,
590,1872.037770593729,
591,1874.5202150816824,
592,1873.2561347059086,
593,1893.9042660607233,
594,1893.9042660607233,
595,1893.9042660607233,
596,1892.0113082735563,
597,1896.145569182792,
598,1917.2648273156035,
599,1908.7377782600313,
600,1899.7514302856914,
601,1905.642677675511,
602,1906.288740563866,
603,1897.5000027859473,
604,1898.6520060931623,
605,1896.8347223732653,
606,1907.7881383714705,
607,1895.7100054610696,
608,1944.6465849283597,
609,1944.6465849283597,
610,1942.7029101808055,
611,1949.8948742796547,
612,1981.353926893001,
613,1990.0577707160692,
614,1990.0577707160692,
615,1990.0577707160692,
616,1990.0577707160692,
617,1990.0577707160692,
618,1988.0687074769728,
619,1990.7343956311781,
620,1999.2413821910134,
621,1999.9443197945172,
622,2007.9789518488471,
623,2023.482269541875,
624,2070.149093547791,
625,2068.0799790115116,
626,2072.4985703396537,
627,2081.677349417849,
628,2097.5716293598275,
629,2095.990631159376,
630,2082.4073692244006,
631,2085.277474898058,
632,2070.8433998192745,
633,2085.6252865778583,
634,2091.0969841168744,
635,2091.1798269115206,
636,2104.585816648018,
637,2108.88780863375,
638,2114.2974220165374,
639,2114.2974220165374,
640,2114.2974220165374,
641,2114.2974220165374,
642,2112.184181214922,
643,2135.5676811098297,
644,2130.340918499104,
645,2105.105915708342,
646,2099.7396304910408,
647,2099.7396304910408,
648,2099.7396304910408,
649,2099.7396304910408,
650,2097.6409402056925,
651,2110.35793904748,
652,2117.2088713570115,
653,2104.2005576986107,
654,2095.6779940770407,
655,2105.260874216692,
656,2089.2056312941954,
657,2115.6610236125225,
658,2114.524177977419,
659,2122.464169531225,
660,2118.149573877934,
661,2122.641590429972,
662,2131.2197933545976,
663,2114.8896319417368,
664,2116.246072988911,
665,2129.9345896447594,
666,2131.3908638324174,
667,2138.5203664710416,
668,2155.3698955217415,
669,2155.3698955217415,
670,2155.3698955217415,
671,2155.3698955217415,
672,2155.3698955217415,
673,2155.3698955217415,
674,2155.3698955217415,
675,2155.3698955217415,
676,2155.3698955217415,
677,2155.3698955217415,
678,2153.2156027725946,
679,2151.9392552839954,
680,2200.675421902658,
681,2201.6630716925547,
682,2225.3656249406445,
683,2225.3656249406445,
684,2225.3656249406445,
685,2225.3656249406445,
686,2225.3656249406445,
687,2225.3656249406445,
688,2223.141371442453,
689,2223.882374909368,
690,2226.6237441289877,
691,2252.415928765662,
692,2249.8816161921704,
693,2262.5022439315717,
694,2257.974188378622,
695,2269.294621967048,
696,2267.026461425352,
697,2270.103031456163,
698,2281.4563872595368,
699,2280.289823469634,
700,2268.3123942071124,
701,2262.7250014580236,
702,2269.407754429976,
703,2327.0955619732827,
704,2324.7696293776075,
705,2342.1594460313836,
706,2372.079906108757,
707,2368.202887065035,
708,2387.6593445691983,
709,2380.900018452313,
710,2396.392119169272,
711,2448.12679774058,
712,2448.12679774058,
713,2445.6798943945128,
714,2454.265568366712,
715,2467.3739661762643,
716,2451.596217163437,
717,2471.532682453541,
718,2484.2077217637097,
719,2497.3130427872734,
720,2497.3130427872734,
721,2494.8169777769917,
722,2497.7391553468988,
723,2496.6048702455882,
724,2539.903667905181,
725,2534.304299732977,
726,2530.9553308090153,
727,2528.5447218161253,
728,2521.5248010695955,
729,2510.2515575087255,
730,2517.210257978496,
731,2537.3736019868406,
732,2552.5458034873955,
733,2546.094712810513,
734,2556.1539251441786,
735,2553.5990486572787,
736,2555.4522424966276,
737,2563.8731115702617,
738,2571.392547322054,
739,2553.574498701765,
740,2556.7479890942764,
741,2571.8601573846504,
742,2585.3807723509626,
743,2575.1790421337955,
744,2560.952796932778,
745,2585.8856792259094,
746,2569.536500342863,
747,2557.856496115144,
748,2576.6189360365806,
749,2547.670276379267,
750,2553.524374012099,
751,2473.1142513564014,
752,2496.511154261041,
753,2528.1032801737356,
754,2500.763992671831,
755,2462.2179311740065,
756,2462.1634137396895,
757,2456.393624921307,
758,2458.5285897966014,
759,2454.810073138051,
760,2424.465007568726,
761,2453.537995013604,
762,2461.7107491816455,
763,2472.104282199734,
764,2494.6197267770544,
765,2503.6608961138277,
766,2510.4402972427565,
767,2504.204057498462,
768,2500.8879330732816,
769,2518.2982953479386,
770,2511.8875139903107,
771,2511.532622945247,
772,2511.532622945247,
773,2511.532622945247,
774,2511.532622945247,
775,2511.532622945247,
776,2511.532622945247,
777,2509.0223454610446,
778,2474.520083337252,
779,2466.9638315972716,
780,2481.24085474276,
781,2455.3480463868827,
782,2449.491610649861,
783,2472.6391698757766,
784,2474.0241702040203,
785,2498.6764145903294,
786,2496.17898688959,
787,2516.9897953238155,
788,2521.6793710931033,
789,2498.768246439576,
790,2487.643355839301,
791,2487.643355839301,
792,2485.1569556835398,
793,2484.8157568138663,
794,2502.6072427724016,
795,2498.1168599498374,
796,2469.209381616617,
797,2469.209381616617,
798,2469.209381616617,
799,2469.209381616617,
800,2469.209381616617,
801,2469.209381616617,
802,2469.209381616617,
803,2469.209381616617,
804,2466.7414062226976,
805,2468.8003933408336,
806,2475.4892704381014,
807,2481.4576093213323,
808,2469.209828580157,
809,2480.322970793319,
810,2477.1877230723185,
811,2472.3742370505524,
812,2466.8056111443993,
813,2482.276415949347,
814,2493.615344110547,
815,2512.1591977788075,
816,2503.5026859767877,
817,2496.7852743445756,
818,2502.274587974355,
819,2540.5428906173706,
820,2544.185815689631,
821,2555.9012062973507,
822,2555.9012062973507,
823,2555.9012062973507,
824,2553.3465824030013,
825,2561.1057395451753,
826,2566.993975423003,
827,2542.005300747398,
828,2544.0622585952465,
829,2544.0622585952465,
830,2541.519467732083,
831,2546.4417905091705,
832,2552.194506830854,
833,2578.035545046003,
834,2549.51611121592,
835,2544.639229806305,
836,2507.624075249271,
837,2464.285313970887,
838,2461.8368528050532,
839,2461.8368528050532,
840,2461.8368528050532,
841,2459.3762462555233,
842,2463.0580259271233,
843,2462.450973810881,
844,2481.7641258153767,
845,2465.3021125661007,
846,2473.1638581459665,
847,2509.0496218484923,
848,2506.541826124506,
849,2533.5557297060022,
850,2540.5454549277542,
851,2527.8808578137246,
852,2541.255757920757,
853,2552.520677739114,
854,2546.6796350970553,
855,2535.154723181304,
856,2546.8085947588265,
857,2538.895677026478,
858,2521.655845519967,
859,2538.028774948083,
860,2510.987587348048,
861,2505.768418843353,
862,2466.988717107755,
863,2475.0999713947276,
864,2473.1214446984745,
865,2479.3087937863093,
866,2474.9664766104247,
867,2489.777511292251,
868,2504.366752449446,
869,2505.4229902094894,
870,2519.5944795003543,
871,2516.3842285136557,
872,2509.271658786558,
873,2450.154338056396,
874,2449.5688708918324,
875,2421.52007408595,
876,2446.678637914992,
877,2423.4759657265795,
878,2421.526810934168,
879,2429.9621769406453,
880,2426.399703857066,
881,2414.8904111137667,
882,2383.028560739873,
883,2400.3874325711145,
884,2401.824993193816,
885,2418.496060992088,
886,2421.2653608047935,
887,2436.9644386771847,
888,2445.7739386457442,
889,2445.4393415784316,
890,2446.42272141826,
891,2478.075209429055,
892,2465.8141853850602,
893,2465.8141853850602,
894,2465.8141853850602,
895,2465.8141853850602,
896,2463.3496034906225,
897,2509.550765054456,
898,2532.8093165594732,
899,2560.3188196388646,
900,2584.9767133380597,
901,2582.393028467157,
902,2613.8923268171907,
903,2620.60168482136,
904,2613.0109848132647,
905,2627.7525424772557,
906,2607.1909006314077,
907,2601.62894551101,
908,2605.856019176709,
909,2581.8408888323943,
910,2583.4618682738624,
911,2584.562982481315,
912,2596.164426738097,
913,2590.1499088868336,
914,2592.6644948012645,
915,2578.5574383561875,
916,2572.782521021634,
917,2577.756414334653,
918,2577.756414334653,
919,2575.1799461544088,
920,2584.41694257331,
921,2590.3818849947793,
922,2570.849493619795,
923,2558.419388991409,
924,2571.8070124935034,
925,2584.477502420415,
926,2560.4841734329375,
927,2570.3902480053703,
928,2573.070658355714,
929,2577.2634580365407,
930,2560.6874894085904,
931,2572.280966263984,
932,2581.1302071683913,
933,2600.0599051916097,
934,2593.019449196654,
935,2594.363328753552,
936,2601.0178576382827,
937,2603.4919212220602,
938,2624.5182256055405,
939,2624.609972485639,
940,2624.1573836216644,
941,2604.94667214179,
942,2591.7989078878218,
943,2573.2839248650703,
944,2599.9596070880375,
945,2798.053947456727,
946,2799.423506372011,
947,2874.5865728123645,
948,2874.5865728123645,
949,2874.5865728123645,
950,2874.5865728123645,
951,2874.5865728123645,
952,2874.5865728123645,
953,2874.5865728123645,
954,2874.5865728123645,
955,2874.5865728123645,
956,2874.5865728123645,
957,2871.713422814551,
958,2860.1482529773666,
959,2891.5219438872705,
960,2894.805052478584,
961,2893.012493989598,
962,2872.2977695034,
963,2875.4008946395984,
964,2886.724143809778,
965,2872.2230691414047,
966,2865.4161613008073,
967,2872.5088128636517,
968,2874.6569783508635,
969,2879.3947449660577,
970,2895.2656730764425,
971,2891.4769103924,
972,2893.3916582473685,
973,2895.6497380424253,
974,2900.223943459368,
975,2896.4166852136786,
976,2893.6575938728497,
977,2914.531963778153,
978,2910.7604415090364,
979,2924.9613338832582,
980,2909.332045860973,
981,2909.732100873847,
982,2919.203630677997,
983,2919.450274307006,
984,2914.840760289022,
985,2901.203896602761,
986,2901.1735542637252,
987,2910.8995435913407,
988,2909.9157823524274,
989,2890.1834795318223,
990,2892.8554638583364,
991,2897.4183365530125,
992,2906.4528412255386,
993,2923.1970024538527,
994,2923.9686848803335,
995,2939.9582818285494,
996,2986.554368080122,
997,2986.554368080122,
998,2986.554368080122,
999,2986.554368080122,
1000,2986.554368080122,
1001,2986.554368080122,
1002,2986.554368080122,
1003,2983.569306242961,
1004,3004.2810818054854,
1005,3025.5893316152333,
1006,2999.74980278901,
1007,2995.8953609449745,
1008,2988.208233041908,
1009,2938.186113192057,
1010,2913.77326459933,
1011,2918.011642613589,
1012,2918.011642613589,
1013,2918.011642613589,
1014,2915.095089247659,
1015,2944.835411752716,
1016,2934.6052408412206,
1017,2953.782567299948,
1018,2924.3162846940972,
1019,2915.4852311179015,
1020,2907.440963270293,
1021,2900.421514770366,
1022,2799.785535592521,
1023,2796.9871492500997,
1024,2796.392622943764,
1025,2822.1363934012634,
1026,2812.306790561076,
1027,2783.6078621402066,
1028,2840.851715467299,
1029,2824.6193801884697,
1030,2828.6217574794637,
1031,2850.754447092444,
1032,2848.5169345688787,
1033,2836.195728798786,
1034,2845.7348784434707,
1035,2841.69598371888,
1036,2839.2120952326554,
1037,2853.4941457562377,
1038,2843.609207285258,
1039,2889.1387344336404,
1040,2877.500601603745,
1041,2923.9918175243015,
1042,2923.9918175243015,
1043,2923.9918175243015,
1044,2923.9918175243015,
1045,2921.069286972054,
1046,2951.8981704188013,
1047,2945.306013933632,
1048,2957.6836814301632,
1049,2954.370504414419,
1050,2953.7859929406723,
1051,2934.7117357944117,
1052,2930.2721724262424,
1053,2939.9534767196933,
1054,2957.581884076488,
1055,2974.0969175269743,
1056,2962.0815536846126,
1057,2944.5824048064915,
1058,2940.1432691362666,
1059,2950.946826723155,
1060,2947.4746482794644,
1061,2940.7386846415015,
1062,2960.7470138726476,
1063,2964.357073896273,
1064,2950.6097178930063,
1065,2962.348998769591,
1066,2988.1424626732787,
1067,2988.1424626732787,
1068,2988.1424626732787,
1069,2988.1424626732787,
1070,2988.1424626732787,
1071,2988.1424626732787,
1072,2988.1424626732787,
1073,2988.1424626732787,
1074,2985.1558135351747,
1075,2975.6624230374655,
1076,2993.53891954524,
1077,2989.106546768586,
1078,3009.753096720231,
1079,3027.293391487726,
1080,3028.6311137140506,
1081,3035.692959734752,
1082,3043.140737941546,
1083,3043.140737941546,
1084,3043.140737941546,
1085,3043.140737941546,
1086,3043.140737941546,
1087,3043.140737941546,
1088,3043.140737941546,
1089,3043.140737941546,
1090,3043.140737941546,
1091,3040.0991180135684,
1092,3055.90362065618,
1093,3051.496537847469,
1094,3021.2957962094642,
1095,3033.7681238223063,
1096,3055.906281160352,
1097,3067.469464031662,
1098,3071.692392873338,
1099,3049.340787832339,
1100,3035.1233253402343,
1101,3050.2951498771167,
1102,3057.7471928107693,
1103,3046.1350274942465,
1104,3048.207261397948,
1105,3033.786849219491,
1106,2981.612799912568,
1107,2950.3098270371297,
1108,2953.134559647446,
1109,2959.838328896531,
1110,2957.5729600454843,
1111,2996.237556251564,
1112,2996.237556251564,
1113,2993.242816065406,
1114,3018.383100641287,
1115,3031.591228918451,
1116,3029.765093050638,
1117,3017.1545792617403,
1118,3034.9729330543046,
1119,3022.4268253469727,
1120,3051.333110936442,
1121,3052.104468685587,
1122,3048.629964276008,
1123,3035.4296474371295,
1124,2982.735881286148,
1125,3010.395623435605,
1126,3044.5339632254763,
1127,3043.9914301723397,
1128,3061.511735368771,
1129,3072.4909719019465,
1130,3072.4909719019465,
1131,3072.4909719019465,
1132,3072.4909719019465,
1133,3072.4909719019465,
1134,3072.4909719019465,
1135,3072.4909719019465,
1136,3072.4909719019465,
1137,3072.4909719019465,
1138,3072.4909719019465,
1139,3072.4909719019465,
1140,3072.4909719019465,
1141,3072.4909719019465,
1142,3072.4909719019465,
1143,3069.420016407792,
1144,3073.8919345022996,
1145,3080.021217328723,
1146,3091.702700989281,
1147,3152.6286431102603,
1148,3152.6286431102603,
1149,3152.6286431102603,
1150,3152.6286431102603,
1151,3152.6286431102603,
1152,3152.6286431102603,
1153,3149.477589993709,
1154,3161.0642366895313,
1155,3174.1296445579524,
1156,3168.2914118583512,
1157,3162.5886396326864,
1158,3178.1196677411617,
1159,3188.949885785918,
1160,3174.8847476035867,
1161,3165.79891221575,
1162,3185.1870224509457,
1163,3175.828593914704,
1164,3180.1237403178034,
1165,3186.7381825394905,
1166,3164.2152862538396,
1167,3162.980115529722,
1168,3172.3938668391033,
1169,3155.134184737629,
1170,3117.5949305287018,
1171,3122.4728292495774,
1172,3136.2584495365136,
1173,3114.035458592639,
1174,3128.3191057756294,
1175,3114.278363206156,
1176,3121.724328109059,
1177,3123.101012617961,
1178,3167.1119326304674,
1179,3176.7930755467455,
1180,3152.5810495967417,
1181,3124.9931084085943,
1182,3121.869677015882,
1183,3127.9001252988464,
1184,3115.6876992947273,
1185,3124.249920551406,
1186,3095.404785785023,
1187,3095.404785785023,
1188,3092.310927928166,
1189,3108.338236496663,
1190,3122.6099025813614,
1191,3064.9975388395587,
1192,3045.6284474854333,
1193,3064.4859284318295,
1194,3084.6378962898584,
1195,3075.5937872408226,
1196,3091.6873612040185,
1197,3117.020664561585,
1198,3121.676650473689,
1199,3136.1561311652968,
1200,3135.0784040357585,
1201,3152.267399788268,
1202,3149.116707734507,
1203,3161.7083467166085,
1204,3164.9443176774676,
1205,3158.677233014028,
1206,3127.899907465247,
1207,3078.598711391426,
1208,3149.323063919314,
1209,3128.5574426373882,
1210,3089.722244380675,
1211,3091.246128696897,
1212,3109.0836553089484,
1213,3091.933784290734,
1214,3074.3964721379757,
1215,3104.13556238439,
1216,3115.5540552149196,
1217,3114.088439309332,
1218,3109.118783853003,
1219,3106.011218851651,
1220,3116.637170288007,
1221,3128.414809315927,
1222,3125.1129298897886,
1223,3129.401759293479,
1224,3111.006912649136,
1225,3104.695070126576,
1226,3107.362771533802,
1227,3111.614381405812,
1228,3135.8464506075925,
1229,3150.9711892600876,
1230,3152.6356755296506,
1231,3139.5550107968834,
1232,3184.5789550528016,
1233,3217.452200524422,
1234,3217.452200524422,
1235,3217.452200524422,
1236,3217.452200524422,
1237,3217.452200524422,
1238,3217.452200524422,
1239,3217.452200524422,
1240,3217.452200524422,
1241,3217.452200524422,
1242,3214.236356246037,
1243,3228.6136232808985,
1244,3226.753791852956,
1245,3194.5941752509984,
1246,3176.634719935357,
1247,3173.050577473614,
1248,3159.8859075927408,
1249,3153.601070639663,
1250,3158.8652914635945,
1251,3157.020895341521,
1252,3173.9344355035564,
1253,3185.5874433179124,
1254,3181.7488489165744,
1255,3181.7488489165744,
1256,3181.7488489165744,
1257,3181.7488489165744,
1258,3181.7488489165744,
1259,3181.7488489165744,
1260,3181.7488489165744,
1261,3178.568690147043,
1262,3179.578133049243,
1263,3200.851488555885,
1264,3212.2111310471546,
1265,3228.08197774152,
1266,3195.1401256371996,
1267,3198.3570137620864,
1268,3215.5957519468825,
1269,3214.933444157876,
1270,3217.7211574339694,
1271,3220.7819807339056,
1272,3225.2947404684223,
1273,3219.6383238789367,
1274,3281.79498092819,
1275,3278.514826024714,
1276,3272.264343976642,
1277,3283.658228649442,
1278,3288.952384011458,
1279,3326.061627306895,
1280,3305.681206599308,
1281,3180.649164916384,
1282,3187.2030132279097,
1283,3197.1829735903248,
1284,3192.232787090561,
1285,3210.500540747749,
1286,3222.694754711957,
1287,3224.991932760195,
1288,3221.7685525175566,
1289,3234.239198224327,
1290,3228.3560265334477,
1291,3239.8745459378592,
1292,3237.806594276099,
1293,3239.194007267842,
1294,3237.5664595140324,
1295,3230.7277485771233,
1296,3218.8641053905812,
1297,3225.1188530660957,
1298,3232.168436610874,
1299,3232.03723997962,
1300,3219.442604418164,
1301,3223.197703414518,
1302,3222.5704619106655,
1303,3223.8878649971407,
1304,3218.92507819022,
1305,3220.596578695019,
1306,3202.7038216307487,
1307,3216.6769211896576,
1308,3199.768716232961,
1309,3199.768716232961,
1310,3196.5705466015443,
1311,3214.1691314959207,
1312,3219.571648380942,
1313,3213.6392635478355,
1314,3211.4318234650764,
1315,3219.643976826263,
1316,3227.7281349458185,
1317,3232.082057371114,
1318,3228.060522130684,
1319,3231.6138875592906,
1320,3226.8614377329336,
1321,3220.0975971991456,
1322,3226.534946172323,
1323,3233.482406615402,
1324,3229.335006655057,
1325,3233.9100081714955,
1326,3237.5826446850465,
1327,3230.1637650469183,
1328,3233.9461333022105,
1329,3230.253556412076,
1330,3230.3487009553796,
1331,3219.903129431057,
1332,3213.786593262051,
1333,3217.0976386882367,
1334,3225.2554409878326,
1335,3229.3098527760426,
1336,3222.6128956018583,
1337,3237.287615553608,
1338,3234.128691261048,
1339,3231.153325453586,
1340,3224.9992195784152,
1341,3236.067164745016,
1342,3238.80177376561,
1343,3228.77264739878,
1344,3228.1985113355345,
1345,3226.365023562555,
1346,3223.875715666714,
1347,3230.678663833079,
1348,3243.641028450846,
1349,3251.8817397879693,
1350,3240.941034454984,
1351,3244.3645490058157,
1352,3244.5799561421127,
1353,3268.0450561726548,
1354,3283.2813124542918,
1355,3260.4439073107387,
1356,3239.436150582401,
1357,3254.761864629286,
1358,3223.7858658314594,
1359,3228.09941758192,
1360,3245.941284247905,
1361,3238.1860623942425,
1362,3236.9751680794716,
1363,3232.504464972381,
1364,3220.8629209184,
1365,3224.155147203134,
1366,3235.8882787134503,
1367,3242.654553551065,
1368,3244.6608960121994,
1369,3277.791427618887,
1370,3277.791427618887,
1371,3277.791427618887,
1372,3277.791427618887,
1373,3277.791427618887,
1374,3277.791427618887,
1375,3277.791427618887,
1376,3277.791427618887,
1377,3274.5152742679443,
1378,3261.1013335811804,
1379,3260.9692448742535,
1380,3258.5499181300847,
1381,3261.394667315333,
1382,3267.444166223179,
1383,3272.877849610075,
1384,3271.6467695541755,
1385,3283.5775029859465,
1386,3278.3691083677804,
1387,3260.6340495129234,
1388,3272.6365365804068,
1389,3283.7172177472235,
1390,3284.381856697145,
1391,3279.6397343245003,
1392,3276.4222752274773,
1393,3280.468291020502,
1394,3291.7840478849057,
1395,3293.9357201130833,
1396,3289.7270381170056,
1397,3291.9143128369774,
1398,3292.844694080989,